sentiment,text,prediction
1,ok well now they have coronavirus which is entirely different from the flu,1
1,breaking a uae research institute has developed a breakthrough treatment for covid  which could be a game changer in the global fight against the virus ,3
0,mark my words next up on the coronavirus hit list will be anthony weiner mark my damn words,0
2,manila eases worlds longest lockdown …,2
3,as we cross  million cases  million recoveries and    deaths the virus continues to spread adding a   new cases everyday death toll in lat am and brazil is on the rise still most severe rise in mortality rate was in us uk spain and italy,1
3,they have failed the whole nation yetro  mahina lockdown ma rakheko cha gareeb janta lai sakne le ta jasari in bachihalchan janata marna baneko loktantra ho yo and i do not think these neta give two fucks ko bhokai mariracha they are happily living in their bubble,3
0,nsac suspends combat sporting events until march  amid coronavirus concerns,0
2,song qismat singer kktomar yt channel … to watch go and suscribe in advance song will release after lockdown twitter ,2
2,with this whole covid thing even birds are taking personal hygiene seriously and washing their feet beaks and wings regularly red whiskered bulbuls enjoy a summer splash in our bird bath next to the firebush tree… …,2
2,lockdown time am seeing around people changed attitude  this will bring back humanity humility in the way we go ahead with our life pic twitter ,2
0,you are a useless prime minster of india now you easing the lockdown will make catastrophe,3
3,how demonetisation gst  corona lockdown cld hv bn made successful without collateral damage writes biswajit bhattacharya but we prided in shocks got electrocuted …,3
1,to mitigate spread of the coronavirus duke university has suspended on campus labs and classes until further notice,1
1,closing the schools cancelling gigs postpone movies telling working ppl to stay at home etc will do absolutely nothing you will get it one way or another the media are blowing coronavirus out of proportion to scare you like fuck offffffff stop ruining everyone is ,0
3,i suspect in new zealand where māori had a death rate  times that of non māori there was widespread support for a national lockdown at only  cases,0
0,how about “a government that provides safety to the people ” are you so concerned with stealing  that you cannot take legislative action for the virus or are you on vacation i hear there are cheap flights to,0
0,vanity fair trump now blaming americans for not getting coronavirus tests that do not exist trump has failed the american people first he blames president obama now he blames the american people for coronavirus a liar who deceives himself via,0
3,i feel like my life is flashing by and all i can do is watch and cry i miss the air i miss my friends i miss my mother i miss it when life was a party to be thrown but that was a million years ago كورونا,3
3,bjp govt started blaming the people for jump in corona cases modj short notice of  hours for  percent lockdown that lead to migrants walking on streets outsiders standard will govt admit its fault …,3
3,sir my family wants to travel to karnataka belgavi from flight should i even now apply for e pass and along a child is of  years n  months what proof are needed please help me,3
0,fuck the coronavirus and my job im too stressed to care atm,1
2,fightingcorona to create a better world pic twitter ,2
1,markets crashingbrent wti futures crash  over saudi arabia russia oil price war fears  coronavirus concerns,1
1,the people today went to the streets of brazil and showed the corrupted congress how powerful we are even the coronavirus disappeared we showed the world we are not afraid tomorrow morning everyone will be working as usual,1
1,corona virus killing people out here and dudes still do not wash their hands after a nice pee,1
1,one thing in s favor is that he freaks out over germs he probably never shook a hand without smearing on hand sanitizer trump is misleading his followers who are absorbing his cavalier attitude,0
1,how many deaths were the result of the great depression or great recession stress depression suicide overdoses poorer health outcomes all of these deaths should be weighed against coronavirus deaths should they not,1
1,health and human services hit with cyber attack aimed at slowing coronavirus response report,0
3,govt of india should take decision for all school children to waived off school fees from apr to jun  due to covid  for avoiding financial burden in this critical junction of time and moral support as there is nation wide lock down and school remains closed,3
3,the us internationally banned bombs killed too many innocents in  caused chronic diseases to many however us and its agents in the area aim to enter to kill more,3
1,nikki sixx on coronavirus dampen down the hysteria,1
0,due to the coronavirus i wont be going out you drunk bitches aint coughing on me,0
2,can tiktok take action against those who create unresponsibleness between the citizens by creating funny videos on pandemic covid ,3
2,lockdown ride video coming soon traveldiaryindia stay tuned travel diary india on youtube link below subscribe now … india …,2
1,well in the beginning of the outbreak in china i already suspect that thus virus is a human made the earth population is already out of control someone need to control it that is why they made war in middle east countries with very high birthrate,1
3,was speaking to my friends in doha and they told lockdown is one thing which their government has done but people by themselves has stopped going out even all of them are offering prayers at their home only my questions to indian muslims why you cannot follow the same way,3
2,everyone locking there houses seems to be not a solution fight with covid where ever you are do not fear do not lose hopes all above god is doing something miracles daily on our lifes,3
0,you give me suspect vibes imagine that like why you think about dudes given each other head in the  place like are you that gay you think about gay say when you here the corona virus,1
1, ncaa tournament games to be played without fans in attendance due to threat of coronavirus via,0
3,please allow laws to play online games in telangana it is boring due to lockdown,3
0,why because your buddies are all dying from the coronavirus shut up meat head,0
1, whoever gives a shit im in eastern europe no one is wearing masks everyone thinks thinks this is the flu they are right,1
3,corona fuck you loudlycryingface loudlycryingface i want to go here loudlycryingface,0
3,India india fast spreading but improving rapidly contagion est   of pop infected peak daily deaths of  in  days proj death toll   in  days fouro’clock  ,3
3,lockdown till death,2
0,my brother and i just got into an argument and he going to say “well i hope you get the corona virus” like dang bro chillll it was not that serious,1
1,yes and pushkin really does not trigger me can avoid duels and dont plan to drink on the streets during,1
3,Thailand thailand under control and improving rapidly contagion est   of pop infected proj death toll  in  days fouro’clock  ,1
0,is not this truth never been more stressed frustrated in my all my life more questions than answers being raised right now ,3
1,i was not too nervous about prior to yesterday but these last  days have changed me with that said keep washing your hands and stay home if you are sick hoping everyone stays safe,3
2,we so happy that shibi was our first customer at samasta today wearing samasta ofcourse we are now officially open after the lockdown samasta has printed dresses and tunics in cool cottons to beat the heat come… …,2
3, covid  death reported in jk toll   a  year old man with comorbities from doda district on monday died of covid  at gmc jammu taking the death toll due to the virus to  in jammu and kashmir – at rajbagh,3
3,a good service in bad times of corona epidemic,2
0,pennsylvania gov tom wolf orders statewide shutdown over coronavirus via,0
3,so sad to hear the passing away of wajid khan bhai due to covid  rest in peace foldedhands,3
1,ex obama official warns us health system faces tsunami over coronavirus,0
3,i thought i can celebrate both of my favourites on the same week which is raya and harvest festival but sadly due to covid  i cant even do shit now haha,3
1,we should do a daily mass test of all citizens in a mid sized town affected by for a full month to get a real time picture of the actual threat level imposed by the coronavirus this is the only way to get an exact understanding of the virus,1
1,coroners officer forcing us to arrange funeral now when transport of body to another country is not possible due to otherwise threatening they will destroy my grandmothers body,3
1,how can u be afraid of the corona virus but not an std im curious,1
3,smriti irani missing posters come up in amethi in last  yr she visited amethi only for a few hours has done nothing for the people during  crisis and instead referred to workers coming back to amethi from different states as coronavirus ,3
1,does this data account for unprecedented precautionary measures that have only just started being put place  increased testing feds  states coronavirus is not something to be taken lightly but fearmongering is not helpful these numbers reflect worst case scenarios,0
2,in gwalior volunteers was sanitising a muslim locality to prevent it from corona virus later people of the muslim community welcomed their gesture and thanked them by applying tilak on their foreheads but for rss is anti muslimpic twitter ,3
1,how the coronavirus pandemic threatens us national security,0
0,woman  found dead by boyfriend while waiting for coronavirus test results stop saying flu like illness you make me want to swear its not like the fking flu wake up stop spreading fake statements seriously get a life,0
1,the who is the biggest fake organization to them the us is bad bad bad they want everything to be global control the who is pretty much spreading unfounded fear about,0
3,i m indian national n right now stuck in dhaka pls note here i hv lost my job due to covid n living from last  months without earning i want to go bk to delhi immediately on special air india flight i hv already registered on hci,3
3,bangkok post headlines on thursday diamondsuit relief cash only covers a month diamondsuit govt mulls easing curfew as cases drop diamondsuit inbound flight ban extended โควิ,3
3,people who wish to visit salons after three months of lockdowns here are guidelines for you all to follow a no person having any symptom of covid  like high temperature fever cough cold throat pain difficulty in breathing shall visit these facilities,3
0,honestly is overblown but it did one thing correctly it showed how disgusting humanity is what an embarrassment we are,0
3,lock down is causing the shortage of blood for patient i would suggest govt to mobilize the medical staff so they can go to donors for blood of course precautions are must before they go to any donors,3
2,i appreciate to sonu sir he is doing a good job i want to meet you sir whenever i get a chance thanks,2
2,im also grateful for my family being blessed with good health in all this health related chaos going around  foldedhandslightskintone,2
2,fresh fruit and veggies in the time of corona delivers thank you for your reliability and consistent supply much appreciate your resilience pic twitter ,2
3,learn to appreciate what you have before time makes you appreciate what you had i miss my work business dream sadbutrelievedface frowningface  …,3
3,jnu sanitation workers have not been paid for  months lockdown and covid  crisis has made their lives difficult …,3
2,trump looks to reopen economy after nyt coronavirus bombshell a close via ty,1
1,germanys low coronavirus mortality rate intrigues experts,3
0,yall should watch al jazeera bbc and cnn for corona update shit is mad out there,0
2,corona warriors great help …,2
3,brahmanandavedicgurukultapobhoomigoabatu spreading message through his art not to bring virus in family by going out of home  violating rules laid down by govt durgeshartgoa ,3
3,honourable pm modi ji i recently opened two branches for iit medical students who belong to a very poor family im not going to take any pending amounts from them because of lockdown you r idle for me sir take care  – at techweb centre,3
1,a nation where over two crores people eat gutka knowing that it will kill you with cancer sooner or later corona they could not see so they are not threatened mullahs  allamas have done grand job taking the scare out of people but they forget history of spain with simmilar virus,3
0,show this to muslim hate mongers muslims are in forefront in fighting corona pandemic madrassas  mosques are given for corona centres,3
0, studyabroadstudents raise your hand if you feel personally victimized by coronavirus bc i feel extremely personally victimized,0
0,scomo has early dementia  encouraging a policy of “social distancing” amongst children where they stay   metres apart from each other at school  shut us down  aussies rage at pms coronavirus update   … via,1
3,so u want the corona to kill what is left in case ur not seeing the news europe countries r stealing medical supplies shipments from each other facewithrollingeyes,0
0,this is urgent tell to stop forcing their drivers to work sick,0
2,around  patients world over recovered from covid  and around  patients recovered in india let us focus on positivity,2
1,a trauma informed approach to teaching through coronavirus,2
2,god bless you and your kids we will pray for you fight fight we have to finish coronavirus at any cost which is finishing us save each life is important for you,2
2,・・ in line with an easing of some covid  restrictions by the authorities we are pleased to say that we are ready to welcome you back to the club and we are set to open a number of our… …,2
0,i hate china after corona virus,0
1,dt lied yet again we have a problem that a month ago nobody ever thought about  many reporters  others like warned them all of the dangers of the outbreak of op ed written  months ago via,1
2,kids these days are much better informed than many adults heres my niece doing her thing in lockdown time  pic twitter ,2
3,dear the world economy will not return to normal until your country realizes this epidemic is deadly please lockdown to stop the spread we want our lives back,1
1,if we did not name the corona virus people would just think it is just a bad flu season,1
1,im an nhs doctor treating coronavirus – you have no idea how bad things could get,0
3,ds figures are for real and they speak the truth on behalf of the stupidity of intellectuals doctors paramedic are giving away their lives but some do not understand the pain they want to spread this pandemic and be called a child of god shame pic twitter ,3
2,respected cm sir as the corona graph is inclining kindly consider  lockdown except healthcare on       april to create a small vaccum in corona spread in tn as people are uncooperative without realising the seriousness of next impact,3
3,recovery rate   death rate   death   ,3
0,fda chief warns of supply pressure on reagents for coronavirus tests  medtech dive,0
2,lavanders towns lakes we and supernova of love again beach seaside breezes we and waves of livelihood again clouds sunsets chaos we and poems of partners again smiles sorrow hills silhouette we and verses of life again copyright ritbik,2
2,came across this wonderful piece of writing lucidly described beautifully compared ,2
0,oh hell no “could be included in the senates coronavirus rescue bills significantly boost the number of visas offered annually from   to   while halving the investment required to earn legal residence from   to  ” we will vote you out,0
0,corona virus is the new  a false flag excuse to chop away at our freedoms pic twitter ,0
3,has the lockdown already failed the migrant labourer and now markaz …,3
1,what if bernie released coronavirus to scare bidens supporters from going out and voting old people are voting for biden old people can die easier from coronavirus bernies supporters are stupid young kids will not die to corona,0
1,you should maybe get tested for coronavirus with that cough…,1
1, days from now i am planning to be on the  day of my planned driving trip to the ⁦⁩ driving from roseburg oregon to stockton california at this point no reason to cancel trip due to coronavirus concerns but definitely monitoring the situation pic twitter ,1
3,quite worrisome india reports  deaths and  new cases of corona virus in last  hrs in total  cases  deaths  recovered ,3
2,koharanahai stayhome luckdown fightcorona watchshare commentus motivation  opinion somnathgope pic twitter ,2
3,hypocricy reloaded modi saying sorry to poor for taking strict action amidst corona crisis our champ mamidala blocked their salaries for three months,3
0,the dems are saying president trumps handling of the coronavirus is incompetent and too little after it passes without great harm he will be accused of over reacting like everything else the dems accuse him of this too will backfire as the economy bounces back,0
1,waiting in line for groceries at heb wa dozen others behind and in front of me and im the only one wearing a is real,0
0,if you strongly disagree just sign the below petition,0
3,sir please draw your attention towards the bad condition of dayal sar road and pending work of sewage and water pipe line which is on hold since long due to lockdown,3
0,you guys need to stop regurgitating the same dumb cnn talking point cnn did not invent that the dow jones had the largest point drop in history today cnn did not invent the lack of testing or your dear leader lying on  that the coronavirus was going to go to zero in days,0
3,indian profs lawyers social workers issue statement against communalisation of covid  the signatories say that there were many other gatherings around that time but the tablighi jamaat event is getting communalized to further islamophobia,3
0,if we can close down or postpone everything in the states if the stores can be drained of everyday items why cannot and take care of the fricking homeless situation in ca by quitting the screwing of the californians there is more than coronavirus,0
1,government needs to revamp administration  focus of nii niv and others to prioritise research for covid type of diseases india needs to prepare for it on war footing to ward of new threat type,3
0,think tank complains “coronavirus is killing globalization as we know it”,0
3,leave everything from bottom of ur heart say if situation then was so emergent that  notice lockdown was essential was it not priority of captainpm  consult state cms doers give some time  ppl  digest  then implement lockdown more efficiently instead of what was done,3
3,india has lost another gem today the biggest and finest music composer of bollywood sir has passed away due to covid  may allah swt rest soul in peace aameen twitter ,2
1,lmao italy is on lockdown trump is right about not worrying about the coronavirus idk bro i guess we are just going to get cured for free but please flex on us the fact that you spend money to get in an ambulance,1
1,“coronavirus forecasts are grim ‘its going to get worse” ⁦⁩,1
1,and the ‘ effect increased exposure to poses health biosafety and global security risks,1
2,amazing descriptive sketch  …,2
3,still obsessed are corona is there beware,2
2,what a project in corona time this will detect your mask properly and monitor you you can not cheat with camera,3
1,high risk the scope of shelby county residents who could need severe coronavirus care  risk the scope of shelby county residents who could need severe coronavirus care …,1
3,hello im in because from lockdown so plz help me im hyderabad plz pensiveface pensiveface cryingface cryingface foldedhands foldedhands,3
2,noida today ,2
1,and to think that in february my biggest concern about march was running out of plastic bags,1
1,indonesian capital closes schools for two weeks due to coronavirus concerns,0
0,instead of naming the virus correctly coronavirus trump purposely does what he does with everything he dislikes not putting aside how serious this is it is still politics to him that is why americas allies under trump are hard to come by,0
1,abuses for  communication twitter ,1
3,lesson cost of living is never expensive it is the cost of lifestyle that is expensive,3
3,now international community talks about new world order and globalization when every country suffer this danger pandameic i mean what is going on while priority should be how can defeat  and how can tackle the going on circumstances,3
0,student loan debt has nothing to do with the coronavirus this lady needs to shut up,0
0,ben shapiro slams media for suggesting trump avoided this coronavirus question youre out of your mind are you kidding me has the msm completely lost their damn minds good grief,0
0,i was fine when my work shut down i was fine just hanging around but the coronavirus has gone too far now that my apartment pool is closed,1
0,hearing original joes restaurant in north beach just closed indefinitely and blasted rems “its the end of the world as we know it” as they shut the doors not sure whether to laugh or cry thanks for the tidbit,0
2,great idea be care full pravate people chances of spread of corona infection in between gvmc wards red highly sensitive wards  areas,2
1,did you get your check yet why attacks on trumpsslow response to the virus are flooding my feed obamas former cdc director admitted sexual offender thomas frieden has condemned the us response to corona some people just do not know when to shut up,0
0,here is a flight from xiamen to vancouver arriving within the next hour does and the really think that canadians are stupid to not find out pic twitter ,0
2,them saints by the greatest virtue grain donation has been considered so this is the corona of the epidemic in the crisis period sant rampal ji maharaj with the blessings of place place the food on the sharing arrangement is being,2
0,girls be out here like if we do not use a condom will i get coronavirus no bitch but ill give you gonorrhoea,0
2,good i learn this method in lockdown period thanks mem,2
2,mr vivek joshi young artsit of school of paintings sent message to the people of and the on the corona virus through there marvellous art work in phad painting artist shanti lal joshi   …,2
3,are you guys ordering clothes for eid im so confused where and for whom would i wear them brokenheart,0
1,i just hope this virus gets under control before tick season starts or else we will be dealing with corona with lyme,1
2,ji line corona variants ppe kit workers you so much guruvar foldedhands foldedhands rose rose bouquet bouquet,2
2,having more money does not make you rich for this ladies redheart,2
1,“ of californians are expected to be infected with coronavirus” oh i think the fuck not im moving to antarctica it is official,1
3,why all financial capital towns are worst affected with like neither nor is affected in same ratio when compared to other financial capital towns of world,3
0,i will remember this fucking year till my last breathe angryfacewithhorns ,2
0,mtmar daily sports minute with discussing all the sports and leagues shutdown by the coronavirus the show will be on hiatus until the games resume,0
0,odds to die from coronavirus you  who wants this action,0
0,have not had my lips done in nearly a year and got an appointment three months ago which is now cancelled due to this coronavirus i guess ill die ugly then,0
0,what if the government is using the coronavirus as a distraction what if something bigger is happening and we do not know because all we see on tv and on social media is the stupid virus,0
2,sunset view  – at vastral metro station,2
1,secondly there was a gentleman on cnn who has the coronavirus who stated he believes he contracted the virus from his church choir he stated their was other members of the choir who was sick as well,1
1,bidens campaign uses obamas ebola czar as hired gun to attack president trumps coronavirus response as joe hides at home video via,0
2,great content smilingfacewithsmilingeyes clappinghands marketing week explores how coronavirus is changing the way marketers work,2
3,everyone criticize you when you fail in engineering but they do not know the reason behind it before you choose engineering as your career you should know what to choose and why what you think twitter ,0
0,the man who was responsible for the outbreak pence of the aides virus is in charge of the coronavirus let that sink in,0
0,everything is shut down — now what nagar,0
2,this billboard is worth sharing thanks to the muslim canadians for this amazing wisdom awareness pic twitter ,2
1,ps and those death rates are trending wrong incoming stats are incredibly worrying italy case fatality rate growth in  weeks  feb    feb    mar    mar    mar smiley   mar    mar ,3
3,okay i will make myself safely at home during corona break out,2
1,sixth annual ride for ronnie motorcycle ride and concert postponed due to coronavirus concerns,1
3,amidst lockdown and police brutality the workers are coming only to ensure the safety of students risking their lives but jnu vc has ignored them since the past  months by not paying them,3
0,a website thats basically reddit which we use to rank the relative cringiness of celebrities during coronavirus by the time all is said and done who do you think will have been the most insufferable,0
3,several eminent personalities have come up to extend financial aid to the government by contributing to pm cares fund on pm modis appeal to battle covid  via namo app,3
3,i guess average office opens at  morning and from  to  monday to friday morning is very much good time to get things from market thats why cmc ask  onwards u can open business etc but sadly we do not have unity towards our government to fight for covid,3
0,you konw maybe it is just best to just not see the twitter timeline cause there is so many unfunny coronavirus related jokes it is like watching dane cook tweeting all day,0
0,donny dirtbags accomplishments so far removed protections that benefited people who are not rich endangered the lives of americans  is still lying about the coronavirus numbers  the chaos he is a liar he is corruption he only cares about his own putrid self pic twitter ,0
2,please watch of for my new song “bahar mat nikal” on youtube it is a light minded rap song based on the current pandemic  aka corona virus if you like the song please like comment  share it also…,2
1,this coronavirus noise reminds me why i need to live somewhere else where i can take my health seriously,0
2,maharashtra records   new covid  cases in  hrs highest in a single day,3
1,i used hand sanitizer before it was everyone is bestfriend if i run out it will be my absolute worst nightmare,1
1,ebola  corona joined to hit the world …,2
2,respected sir your are also the best warrior of the india without you not possible to us win the corona virus,2
3,respected sir i and my  other collegues are terminated from school without any prior notice during lockdown on  march  we all are facing financial problems and so much depressed regarding our livelihood please help us pic twitter ,3
0,fine people hoax lester holt hoax disabled reporter hoax s hole country hoax coronavirus non hoax hoax russia ukraine all taken out of context or made up,0
0,i ran out of my heart lasix insulin and thyroid meds on friday if coronavirus does not kill not having medicine will i do not a fucking reason to fight anymore,1
3,no supply of water in my area since last  days we are following govt orders by staying in our homes due to  but i would like to request govt to provide basic human needs which we deserve to live our lives with sanity …,3
2,in this lockdown period watching movies deeply got siddiki as witness in sarfarosh of and as pickpocket in munnabhai mbbs of great actor,3
2,did not study for my covid  test yet i still passed smilingfacewithsunglasses,3
0,this coronavirus has really brought out the pussy in people,0
3,tried calling amazon customer care but every time call gets disconnected or line is busy due to covid,3
0,bbc news coronavirus follow virus advice or tougher measures likely says pm you better lock down the country mr johnson too many idiots still out and about without any care with the advice,0
0,it has not escaped from my attention fed lowering interest to zero reeks of contrasting desesperation and will not put money on the hands of consumers,0
2,loved this video from twitter ,2
2,india raises ahead to hear us we r  highest in daily new ves cases and daily death only only to beat us  russia on daily new ve cases and just to beat us  brazil on daily new deaths achievement lockdown blues yet to manifest wait till next monday,2
1,if you all do not know what the federal reserve is look it up and watch to see if it is still there after the coronavirus scare is over,1
2,best wishes to your son on his birthday your father is on his service to nation enlightening masses on the threat of corona wish him many happy healthy years to come …,2
1, in stock eco solutions  particulate respirator mask wexhale valve  masks ad,2
0,eventually greta thunberg got mad and spread the virus,1
2,the new protection way for covid  no more mask let follow him  twitter ,2
0,we know all hell will break loose the minute the wifi goes out,0
3,i am feeling corona symptoms,1
1,gross incompetence columbia u doctor on federal response to coronavirus ‘gross amateur hour incompetence,0
2,mind and body practices focus on interactions among brain mind body  behavior is a mind  body practice to increase calmness physical relaxation enhancing well being join me  online meditation   ist  brazil for link contact     pic twitter ,2
1,think ive got the pissing coronavirus,0
1,good leaders dont cause panic even when there are reasons to panic what good has the run on goods done to fight corona virus,1
3,we are not in a state to criticise govt instead we should get unit and fight against this disease we are living in third world country we have to contribute in these tough times to the underprivileged people who need our help in a lockdown,3
1,increased at home coronavirus stress can lead to increased pet woes,1
1,fear and stress cause the body to go into fight or flight response wearing down your immune system focus on practices and behaviors which strengthen the mindbody spirit and,1
3,covid  third death in jammu and in last  toll  …,3
0,your boss ‘ man majid memon says tabligih markaz is innocent ur state is a covid hotspot now your greed for the chair will shut u up now,3
1,global warming march weather x corona virus class cancellation most insane collab of all time,0
1,director general of world health organization severely overstated the fatality rate of the coronavirus leading to overblown global panic via,1
3,are there any outbound vbm flights from mumbai to dubai my  year old father h l ajwani is stranded living completely alone due to lockdown please can you arrange to bring him to dubai ,3
0,ohio the state has  confirmed cases of coronavirus bowling alleys fitness centers gyms movie theaters public recreation centers trampoline parks and water parks are ordered to be shut,0
1,⁦⁩ in ⁦⁩ on managing now  planning preventative strategies for future crises nb written late feb  ⁦⁩ ⁦⁩ ⁦⁩ ⁦⁩ ⁦⁩,2
0,but it is not called chinese virus it is called corona virus dip shit,0
3,a pregnant lady travel fr covid test till borivali w frm malad fr covid test n by d time she reached she was denied saying v are closed no hospital is admiting her without test centres are responding rip humanity,3
3,opening of schoos by july will be the worst discussion by govnt children are more vulnerable than adults to  so should be given the maximum safety an year of school lost can be recovered easily loss of a childs life cannot fight against this – at pradham grand,3
1,who tryna go with me on a   day cruise to the bahamas while ppl still scared of coronavirus,0
1,coronavirus be still and wait on the lord he will bring his way his truth and his life out of this,0
2,oh yes nationalism is on peak in europe these days i too agree however globalisation and nationalism do check each other over a period of time however current day us where the religious centres are open in such covid situation is of course not something to be proud about,0
1,have not been this nervous since they started human trials with the covid  vaccine …,2
0,if anybodys clueless it is you blaming the democrats for the effects on the stock market in the economy is totally lame his trade wars weakened the stock market earlier which is why it is suffering so bad now because of the coronavirus not the dems,1
3,when our honble hm is saying you learn to live with corona and even the citizen of india r also ready to learn then why this delhi up haryana border sealing issue still going on it is completely opposite what center is guiding,1
1,perhaps there is an exaggeration about the matter because the world will continue before the coronavirus and after that there is no reason to panic as long as god is present,1
1,coronavirus is not nearly as bad as the plague was and yet twitter is still going crazy i can only imagine what the tl would have been like back then absolute shambles,1
3,i feel pity on myself a sabji wala who use to deliver at home refused to deliver me vegetables and when asked i was answered aap chinese ho corona hoke nahi marna hume,3
1,if we r speaking on  the corona virus death rate is higher considering we do not have any cure for it and for flu we have treatment the new virus is more deadly think about that,1
2,this is a great example of hyperbolic discounting where most of the owners choose smaller immediate rewards rather than larger later rewards,0
0,california moving homeless to hotels in scramble to prevent coronavirus explosion on the streets,1
1,if players train with the fear of  in back of their mind how it that going to help,1
0,corona virus that shit is real,0
2,beauty of shangla swat kpk pakistan Pakistan click on this given link world,2
3,the order issued on domicile is totally unacceptable to jkap domicile order an ‘ill timed causal attempt by goi jkap ‘demands order be put in abeyance till covid pandemic is over “it is most unfortunate… …,3
2,you mean the gold cabin in the metro nope good old standard corona ridden cabin lol,2
0,im well educated and of course i cannot get corona virus from drinking my fav beer which are coronas but im a stay away from those until this whole thing blows over,1
1,i do not have the coronavirus sars cov  i have decided to self quarantine for the next  days i am doing this for my family myself and the community everyone should take this crisis seriously do not endanger the health of your family or anybody else god bless pic twitter ,1
3,day  of lockdown so this lockdown might extend till april  over here we never even half the  wey dey ground so oh and they are tryna extend it to  facewithtearsofjoy facewithtearsofjoy i was almost vexed sha but i remembered that vexing cannot do shii in this case,3
2,feeling happy that was for corona warriors,2
0,karl rove did they call president obama racist when he used phrase mers a no the was silent,0
2,my life sharks,2
0,haa kafi irritating wala joke corona jantacurfew lockdown twist with nizamuddin wala case,3
0,this is the lesson for humanity if nothing is done now the future releases of biological attacks will be  worse,3
1,coronavirus italians barred from austria to stop spread,1
0,you need not ask why has been trending for more than  yrs you just stood at a podium in the rose garden and blatantly lied about google developing a website that would screen people on whether or not they need a test for the google denies,0
1,new — trumps campaign staff were informed late tonight to work from home though this coming monday amid coronavirus concerns multiple sources tell me  the campaign is plans to conduct a deep cleaning of its massive virginia offices during that time,0
1,currently reading outwitting the devil by napoleon hill halfway through and it is absolutely astounding a great read especially in these corona virus times where people are consumed by fear the only thing we should be fearing is fear itself,1
2,come kwa baba dance cover video shot by wellbeingbill …,2
3,alphonso mangoes most savored seasonal fruit is on my table today  my heart goes to the farmers  supply chain who struggle to export their produce amid this lockdown brunt in india … during pic twitter comckrvcbkbhp,2
3,writing this from the sleepless nights helpless times break from the mediocre life we are all in this together staying home will help the situation be better – at vasant kunj enclave,2
2,sir excellent work to boost up the moral of corona warriors great work sir,2
2,hilarious good way to keep corona free …,2
2,see the affect of our foolishness we cannot compromise with the health of every indian religion is peace time choice but in pandemic situation only is only choice this foolishness act may teach us the lesson of the century  …,3
1,surreal but wonderful we should be thinking of our docs and nurses as our troops on the frontline of an impending war we owe it to them to do what we can to,1
1,did they forget we are still under attack by covid …,3
3,celebrated music composer of the duo sajid wajid passes away at  he was suffering from covid  my prayers and strength for the entire family may his soul rest in peace twitter ,3
1,kj apa is coronavirus conspiracy theory,0
1,the government must take over all the private hospitals  nursing homes for at least a year to control the menace of fleecing covid  patients  their families by them there is no other way as they are fleecing the patients with impunity without any shame or fear,3
0,shamefully tried to sneak in legislation in emergency bill no we need a clean bill for this crisis specifically  now my god you have lost all credibility to criticize after your continuous appalling behavior,0
1,armed forces have made available over   hospital beds and more than   doctors and support staff across the country to deal with the rising cases of coronavirus infection officials,1
3,Pakistan pakistan slow spreading and improving slightly contagion est   of pop infected peak daily deaths of   in  days danger of losing control proj death toll    in  days fouro’clock  ,3
0,the united states of america will hammer this piece of shit into the ground we will exterminate it prepare to be impressed,0
1,amidst the on going  crisis media is shifting the to a hindu muslim issue an organized media conspiracy against the is unacceptable during the medical emergency people deserve love and care not hatred and fear mongering,1
3,this time it is about indian economy after the  pandemic pls watch comment and share …,3
3,then let us lockdown all the public hospitals and tells the public to stay at home or either go to private hospitals the govt shall then not collect tax from the public when they are not able to provide health facilities  quality education ,3
1,each party is responsible for our poor health condition congress did nothing and bjp also did nothing else bjp boosted capitalism in this  situation out worst economical status is only due to capitalism our informal sector contributes most but targeted to be killed,3
0,boy that is sad i hate this virus,1
1,when fear drives us apart  ways to collaborate rather than compete and why it is important for your career,1
2,this lockdown can stop you from having restaurant style thai food at home try these pad that noodles with whatever you have in your kitchen recipe twitter ,2
0,dyk •frontline mds in communities acrosshave no means of ordering essential ppe bc cdn suppliers indefinitely out of stock—no govt assistance despite mds raising concerns •ph agencies directing cdns suspected of infection to hosp ers—puts vulnerable hosp pts at risk,3
1,social distancing in to fight against corona …,2
1,the only reason im scared of the coronavirus is bc a lot of things are closing bc of it and if my store decides to close then im literally going to have to move back home and everything i worked for will be gone,1
1,the government is a ebola made disease like coronavirus,0
0,omg the coronavirus must be serious then,1
2,everything has positive and negative tey to see the other side too imazine how many accident death prevents during lockdown how many families reunited how many learn new abt themselves and others nature get relief from pollution cleaning awareness increase and many more ,2
0,funny but false coronavirus disease begun in the year  that said china is to blame  should be held to account by the rest of the free world their “state media” covered this up until it was too late we need to cancel our entire   trillion debt to china  damages,0
1,is coronavirus biological warfare,0
3,clearly planned by  divert attention from as reported last night like riots plotted by during visit …,3
0,i am forever grateful to the coronavirus for shutting down my school,0
3,thanx a lots sir we need ur help in this difficult time to fight  u can check his own shop cctv all the time he open shop while we close other shop since this is slum area so it is get difficult for police n for us to control crowd,3
0,society man this corona virus thing you all better start self isolating and avoid other people if not necessary me an adjusted introvert pic twitter ,0
2,had partnered with and other learning creators on a new destination for at home learning and,2
0,what a lot of manufactured rubbish the vast majority of coronavirus deniers seem to be anti vaxxers greens and the batshit crazy left climate alarmists should be worried about the coronavirus as most do not look like they wash too often at all let alone hands,1
0,at least  states have postponed voting and more delays are possible as health officials warn that social distancing and other measures to contain the virus might be in place for weeks if not months,1
0,more people are upset over this than illegals killing and raping american citizens even though illegals kill many more americans than the chinese coronavirus has,1
1,fact this perpetrated hoax on the economy and wuflu fear mongering only serves to increase votes for president trumps re election coronavirus is simply a new strain of flu go get a flu shot people,0
1,am i the only one worried that italy has locked down because they are trying to contain the coronavirus german is taking serious measures and south korea too are all out trying to contain this thing but in kenya we are only concern about the  agenda and  by any means,0
0,it is looking like the libs want to own putting party over country is disgusting,0
3,as a veteran national journo pl spare yr obviousjustified bias towards modi govt temporarily in this national calamitycrisis imagine our plight with yr advocated secularindecisiveinept  leadership who would have covered even secular covid spread by markaj very well,3
1,will smith feels responsible for coronavirus misinformation due to i am legend,0
3,is this necessary for current situation instead of spending money  time for these unwanted costly activities government may feed poor people or giving extra payment for people who are working for this corona pandemic bjp acts like india is completely recovered from corona,3
1,coronavirus no worries markets are the best solution to every problem,1
3,bhut hi bore lockdown ha,2
0,ok makeshift beds indoors but what abt those ppl in countries war torn who get this virus the  world gave us ebola now asian gv this corona virus worldwide china had better get its story right for the grilling tht elite bunch shld get as to what was it,1
3,it took a virus and a death to expose usa pseudo empathy looters racist a country which was made great by its people has been brought down by them do they realise how many of their people will die in next  days because of their stupidity covid will punish their families,3
2,fighting against covid  in guj will not be easy esp on eateries they people are really fond of good food,3
3,honest question is it worth wrecking the economy to flatten the curve with thousands of businesses likely to fail and tens of thousands of jobs lost some forever is this the right approach in hindsight should governments ever do this again ,0
1,building on this guidance on how oncologists  leaders can control misinformation may be helpful ,2
3,the more lockdown extends the more people losses their jobs,3
3,is not this exercise spreading what are the expectations of by sealing the borders have they been able to stop it in the last few days answer is no नहीं pls stop private job workers like प्रवासीमजदूर,0
2,covid  relief honey singh neha kakkar adnan sami unite for digital concert to urge fans to donate … download for android … download for ios …,2
3,rest in peace we are deeply saddened by the sudden death of celebrated music composer wajid khan of the duo sajid wajid khan passed away  after battling with covid  จีจี้ twitter ,3
3,overcrowding movement restrictions and poor sanitation have left these groups especially vulnerable to the coronavirus outbreak …,1
1,what would happen if the world reacted to climate change like it is reacting to the coronavirus,1
0,breaking news the government has decided to impose quarantine on the whole country and to limit the freedom of citizens to contain the contagion incalculable economic damage in my opinion risky and irrational choice despite the number of infections pic twitter ,1
0,ustedes están pasados de maricos tripajuos terroristas vende patria por dios dejen su maldita traición y ataque al pais al pueblo y sobretodo a su riqueza ojala les de zika chicungunya dengue coronavirus y sobre todo al malpario de guaidon,0
3,mpa ps  begins “rashan bags” distribution through local bodies representative in his constituency to vulnerable families who have been affected by the lockdown to combat spread of pic twitter ,3
0,cool cool now do fox news they were calling the coronavirus a hoax  days ago until they suddenly realized killing their audience might be bad for advertising revenue and coronavirus or  is accurate calling it a chinese virus is causing racist attacks on americans,0
1,lockdown irony poor people getting arrested and torchered for reliving them there relative are going to police station people worried and gathering at police station is also spreading more infection,3
0,trump spent weeks downplaying the he is now pretending that never happened,0
3,purvanchal expressway despite lockdown delay indias longest expressway in up to open by year end the financial express …,3
3, death caused by lockdown,3
0,now after the end of this shit lockdown do not make a movie on the incident that has happened because of corona,3
1,late night shows will tape without studio audiences on coronavirus fears via,1
1,dark mofo cancels  event amid coronavirus fears to ensure long term survival  mona  the guardian  …,1
2,morning follow the lockdown to stay safe and give others a sense of security foldedhands foldedhands,2
2,stay at home and stay safe we will be together once corona virus goes away we love you guys írus steak house… …,2
2,day  bloom during a lockdown pic twitter ,2
3,over cleaning everything and saying im just bored because i do not want to to admit that corona had me fucking paranoid check,0
2,anyone did this … …,0
3,world is finding ways to combat while as we kashmiris are still defending our rights govt of india is taking advantage of health emergency slaps draconian brutal  horrific laws in from now onwards kashmiris are not more than official slaves in govt offices,3
1,new study found that without any symptoms like cough fever some patients got attacked to  disease in the city of china in a village so our government have to check every patient is not it sir,3
3,kindly accept aap govt has no control  beating up of students by police  goons  covid  did ur work of emptying saheenbag protest site  sitting idle through onsided riot  sacrificing own mla  again letting nizamuddin fiasco happen  shameless mass exodus happening,3
3,to honourable chief minister mamta bannerjee state of westbengal respected mam i stay in a rented room near baishnab ghata patuli by profession im an actor and because of  and lockdown period i had no work so i could not pay my room rent now,3
1,ann coulter on china and cheap tvs expensive flu,0
2,easing the lockdown for many glowingstar glowingstar,2
0,there must be a real chance that coronavirus will kill off brexit surely,1
0,you were referring to the coronavirus specifically and in this case we are not angry for the reasons i stated i do not wish for anyone especially anyone with the power of the presidency behind him to get the coronavirus,0
2,do not let corona attack on our daily life so avoid daily and stay inside home and later enjoy daily life ,3
2,the great decision from one of the brave kim ju ae against the covid battle the global is facing since december – at dc chock bahawalpur,2
2,kindly assess the loss and compensate the formers who are already distressed in the present circumstances the current year is very important to focus on on agriculture activities in view of  may cause food scarcity in the next year,3
3,ds figures are for real and they speak the truth on behalf of the stupidity of intellectuals doctors paramedic are giving away their lives but some do not understand the pain they want to spread this pandemic and be called a child of god shame pic twitter ,3
0,this coronavirus shit is going too far,0
1,making a killing when the market is in a crises when dowjones lost   sp   from their highs after covid hit volatility based etfsetns in us returned  to risky investors but only fr those who held them fr short periods,3
2,v important depration during lockdown can decrease immunity حزباللهحاميأعراضنا الامارات,2
2,today sacrifice is tomorrow success … …,2
0,a payroll tax cut is an absurd response a low wage worker who gets sick is not going to be paid for the work they missed they will not be on a payroll they will not be paying any payroll taxes cutting taxes will not help them at all,0
1,did bill gates  world economic forum predict coronavirus outbreak an inside look may shock you,0
1,mullahs who are hiding foreign mullah in mosques  spreading corona in addition to making bombs disaster,0
3,coronavirus india lockdown day  live updates  eight more die of covid  in west bengal  fresh cases reported …,3
2,do not trust in such psychology dear after someday they will ask who is a men and then the reply will be a father a brother a son and a husband and then you will stop sharing such psychology stay safe do not let take over your control,3
1,the virus was screaming noooo never felt id feel sorry for the coronavirus,1
1,media is talking the world into recession oil price collapses russians walk out chinese probably the inventors of corona  dark forces at work funny how asians seem more suseptable to the virus the truth will out,1
2,not unlimited transfers but  or  extra free transfers would be great and keep it as it was before covid,2
2,i feel imposing complete shutdown on every saturdays and sundays is the most required decision to control the peoples corona related undisciplined behaviour mostly in weekends after a bit relaxation of lockdown from mid may,1
2,salute for kindness salute your work thanks for join hand together to defeat corona cannot explain by comment thumbsup nose nose victoryhand,2
0,how about when the leader of your party called a hoax and likened it to a common cold where were you then can you show us any tweets or official correspondence you sent to the president warning him that in your words we do not have another day ,0
0,damn come on att step up your game comcast suspends data caps makes xfinity wifi free for  days,0
2,extend the lockdown upto  april to better results pic twitter comjxnmbyjzaq,2
1,the coronavirus could spread with frightening rapidity overburdening our health care system and claiming lives until we adopt serious forms of social distancing  writes,1
3,just in  indian evacuees from iran at army camps now positive says rajasthan govt its an increase of one case in last  hours …pic twitter ,3
0,you could not make this up the health minister probably infected the whole uk cabinet,0
3, it is not tabligi jammat it is the pic of karnataka subzi bazar it is lockdowm who is responsablepic twitter ,2
1,but do not you think the dramatic announcement of a  day lockdown by our  superman also contributed to this panic,1
3, new cases reported today in tally rises to   including   discharges and  deaths so far state reached  lack milestone in testings kfbndzhznr,3
3,now mr is having issues with arogya setu app moreover he says lockdown is not the right solution against corona virus i really feel sorry for you and especially for the people who follow you keep your political rivalry aside at this time and think about the nation,3
0,coronavirus is not nothing to fuck with,0
3,corona virus effected on all media that is why media playing like a mental patient राष्ट्रद्रोहीमीडिया,0
1,my son works in the food supply chain they sent him home today because he has started coughing no tests available in the area they said he has to pass two coronavirus tests before he can come back to work i can only do so much for him then what,0
3,sad news music composer of sajid wajid passed away a short while back he was suffering from brokenheart we will miss you,3
2,she is my daughter and her name is “ shrinika singh” if you feel good then please show her in your corona kids wala mein …,2
0,i need some very influential celebrities to get on social media and explain social distancing that it is going to suck but to give their parents a break because it is new territory for us too  it is for the greater good and that matters,0
2,brother go and test urself for corona bjp is in power and congress are the dictators aisa pahli baar hua hai   saalon me grinningsquintingface grinningsquintingface,3
3,music composer director and singer wajid khan passed away at the age of  in mumbai he was diagnosed with the novel coronavirus a few days ago wajid khanpic twitter ,3
1,i love that has declarase a national state of emergency on coronavirus only after he finds out he may have been exposed to the virus when it hits close to home then it is real huh,0
1,australia is taking the threat seriously why is not london,1
2,wow beautiful corona songs musicalnotes musicalnotes beautiful family deepak sharma sir ka jawab whiteheavycheckmark nahi foldedhands foldedhands yes  of the best wishes you flaginhole jai shree ram flaginhole jai hind india India vande mataram jai bharat mata ki jai ho foldedhands foldedhands yes thinkingface facewithtearsofjoy loudlycryingface facewithtearsofjoy okay sir ji,2
0,how can boomers call millennials selfish and lazy when millennials literally dont want them to go into crippling medical debt or die from coronavirus,0
0,you know with the fact that this corona virus crap is going on you should be happy grim and everyone else on the roster are still willing to go out and bust their asses for us to go put on a good show man they do not have to do that but they do for us so just stop bashing it,0
2,if this lockdown ends i have promised myself i will go for sky diving para gliding and learn advanced stages of swimming and deep sea diving yes this is coming from a guy who is an indoor anime weeb introvert,0
0,damn we are really going to be telling our kids one day what happened during the corona virus,0
3,dear abp my name is abdullah khan i came to sharjah uae before  month with visit visa for searching a job but due to covid  i cannot got a job and at this time i have no money to pay room rent and food i am suffering from very bad condition,3
0,who is lilley and why is he so dumb petty partisan unhelpful narrow minded did i include partisan trudeaus border closure does not stop illegal crossers,0
1, but also be aware that autocrats never waste a crisis they will use it to fortify their power ,0
1,my neighbours niece has corona virus ngl im starting to get more shook of leaving my house now,1
3,there was a time before that i would enjoy sneezing with the pressure building up in my nasal cavities and i would make my eyes smaller and brace for the sneeze and then would post sneeze i would judge the society if nobody said bless you miss those days,1
2,such acts of kindness  generosity in these tough times inspire us to continue serving our citizens  fight  twitter comoznjzpxftu – at shree shiv mandir trust kharghar,2
3,sir if ruling class does not care corona v and still corrupt mafia is on top p m should remove from seats put them in jail pplare suffering without food and virus army should take action to get back money in state bank shameless creatures need die with corona,3
0,government still in denial trump keeps lying people will suffer ive been on lockdown in northern italy for  weeks the way to contain the spread of coronavirus and i cannot believe our administration is still wondering what to do and people still not tested,0
0,coronavirus,1
3,i appreciate the decision on moritorium wrt covid  crisis last time i have opted that yesterday i got a call from my bank stating that my loan account has been into defaulter list due to non payment frowningface,3
1,look at this hater should the man running for reelection not want to be reelected she and the rest of the legacy media are lying about the scope of because they are hellbent on stopping him from being reelected they hate his success where failed,0
3,govt of tn should take decision for waived off school fees of all school childrens from apr jun   for avoiding financial burden of parents in this critical junction of time and moral support as there is nation wide lock down and school remains closed,3
2,lockdown is so beautiful our city our pride …,2
1,major north american sports leagues agree to restrict locker room access amid coronavirus fears,1
0,blockbuster trade alert guy trades box of plastic straws for a  roll of toilet paper,0
1,how has the coronavirus impacted the food processing industry and food safety …,1
2, april  lockdown day   woman in the field  birds  parked car in my locality gokarneshwor kathmandu i am privileged to be a resident at this place nepalphotoproject … …,2
1,it is   and my cold and flu is not allowing me to sleep laying awake i worry about a myriad things from whether i have  to when i will watch a musical again in the theatres delhi is unbearably hotface orange in parts red and i feel like i am burning up,1
1,how to prevent and cope with anxiety surrounding coronavirus,1
0,ok this corona virus is really freaking me out this will literally be in history books in a couple of years,0
3,everything gettin worse lockdown extended,3
2,a new game invented for,2
1,yeah i suppose your right mate how did it even get the name of the coronavirus who names these it is like that time with the ebola thing but worse,1
2,agree with this until and unless we see a decrease on new cases per day it will not be wise to lift lockdown …,3
2,for the well being of mind and body amid the coronavirus lockdown pm modi encourages citizens to practice yoga through the ‘yoga with modi series the clips are a series of  different asanas via namo app,2
1,lmao if the coronavirus is not that serious why am i getting less hours and stressing about rent somebody lying,1
3,music composer passed away due to covid  rip pic twitter ,3
2,please please please help this is the only story besides covid this is the one we will teach our great great grandchildren we need you,2
3,thread by while pm delivers ill informed and dangerous polemic on covid and lockdowns a dangerous callous cover up is underway according to a credible government source a conspiracy to conceal the deaths of  people in mayo hospital lahor…,0
0,scam likely must have the corona virus mufuckas is not hit my line in a few weeks,1
3,bbc news coronavirus india defiant as millions struggle under lockdown,0
2,update victoryhandmediumlightskintone smilingface Singapore insta warning ,2
2,april may edition of लोककल्याणसेतु highlights easy tips to prevent corona measures to get rid of bad effects of eclipse benefits of meditating on the idol of sadguru simple ways to stay healthy the festival of gaining devotion n wisdom guru purnima pic twitter ,2
2,we pay our homage and sincere gratitude to two officers of delhi police asi vikram and asi shesh mani pandey who made the greatest sacrifice in this fight against covid  …,2
3,it is in the news that there has been a death due to covid  in malwani and it has been sealed kindly look into this and also salute to the mumbai police for their relentless service toward the safety of the common man,3
1,my depressing take is that the coronavirus in the us is way worse than any of us know because it can take a while to show symptoms and the government is actively making it harder to test for,1
0,worst part of corona virus is i keep seeing the same mf stolen tweets,1
1,s scarier than the coronavirus twitter ,1
3,death reported  only out of  patients and top  above where more than  died due to ,3
2,distributed vegetables and daily essentials to the migrant workers from different states and needy in chilukanagar division along with green way friends youth association twitter ,2
3,unable to register in seva sindu nor unable to reach them via call,3
3,covid  etisalat offers free internet video voice calls for two months …,3
0,that must be the coronavirus cuts playlist the shit is hilarious,0
3,karnataka due to this covid financially lost so many people lost jobs we left bangalore due to covid and came to native paying rents in native and banglore also i request to reduce the rents until find the corona medicines so many stucked in different places,3
0,“if regular unemployment hits  black unemployment will likely be around  that will be full collapse for black america ” — “mnuchin warns senators that us could see  unemployment rate due to coronavirus source says”,3
2,go bro …,2
2,amidst covid  a message of love twitter comkykfqwsjdu – at surat marriott hotel,2
3,wish corona caught me,3
0,corona sun today ironic pic twitter comfuvsrrbddc,2
1,likeee can i find a real nigga before this corona virus kill me,0
3,us and saudi are putting more pressure on continuing the  year blockade on in a time the whole world are calling for cooperation to control,1
0,this is kind of hugely irresponsible because once fox viewers see coronavirus treatment as something aoc advocates they are not going to do it republicans deliberately bought incandescent light bulbs because florescents were a liberal thing,0
2,a different perspective in the covid world is quarantine life required,3
0,so are governments wasting money on coronavirus,0
3,the spike in the death toll of covid  cases has seen a surge in number of deaths across delhi as the bodies of patients had started piling up in hospitals the delhi government allowed the civic bodies to cremate by using the wood  twitter ,3
2,saloni  yr old girl return home after successfully fighting worh corona the residents welcome her by showering flowers sounding thali and singing song the near by residents also helped her family with a months groceries supply twitter ,2
3,again covid takes great soul rip,3
2,my appeal in few hindi newspapers to indian muslims to respect the rules and regulations of the and  daily namaz  tarawi namaz from within their homes  – at qureshi builders bandra,2
2,pm modi to chinese premier pandemic was a reminder to us of the interconnected nature of our world today and the need therefore to adopt a truly global response to it …,2
1,covid  pandemic is less dangerous than the endemic police force throughout india has worriedface,3
1,gmc concerned about doctors exploiting coronavirus fears,1
3,with we should be more careful if we make same mistake then no one will be able to save humanity  ,3
1,nah supermarkets are actually empty are people alright is it weird that me and my friends are not worried about coronavirus,1
0,this what i laugh at and most understand the jibe uk budget  chancellor to unveil tax spending and coronavirus plans,0
1,how gyms in the qca are preparing over coronavirus concerns,1
1,me explaining why im worried about corona virus,1
1,the world health organization has warned that severe and mounting disruption to the global supply of personal protective equipment ppe – caused by rising demand panic buying hoarding and misuse – is putting lives at risk from the new coronavirus and other infectious diseases,1
0,jesus mexicos going to pay for the corona virus,0
2,sir with respect after motivation and direction of lockdown nw mass testing kit provision is v v important as the figure we are looking at is not the actuals and we should not get late like italy pic twitter ,2
2,this positive is something which is exciting not the corona one …,2
1,may be a medicine to avoid coronavirus,1
0,would you call what china has committed global terrorism the is their fault and it has spread throughout the world bc they did not say anything about it until it was too late,0
1,has been telling us for years but we just would not listen annnnnnd now shaking hands with our shoes and shutting down entire countries are things,0
1,the  new york international auto show has been postponed until august  due to the ongoing health concerns from the coronavirus currently the state of new york has  confirmed cases of covid  with  of those being in the big apple pic twitter comgrlgckfpjz,1
0,the liberals keep wanting you to look at the mortality rate percentage wise but if you look at the actual numbers such as  people dying from coronavirus so far in this country versus   annually that die from the flu i do not give a freaking rip what his  is,1
0,anyones employer suggest using sick and vacation time during this shut down,0
2,good morning everyone i love my habit of waking up at  daily during this whats your habit  ,2
3,is your network is not workin in our location facing too much difficulty very slow speed please do something cannot survive without phone in this – at tagore park,3
1,wait until they and their loved ones fall ill with coronavirus,0
3,the reason we are observing more young deaths is because  of our population is below  in comparison to european countries where the demographic bulge is towards older age group please restrict your movement interaction and unnecessary socialization pic twitter ,1
3,sadly this is the first year that i will not be able to go for vacations to europe due to covid pandemic previously it was always due to lack on money facewithrollingeyes facewithrollingeyes cryingface,3
1,its unbelievable how bad this coronavirus is spreading around the world simonna this has already the way we live now and im afraid it is only going to get worse praying they find a cure for this deadly disease and fast,1
1,dear all kindly enforce the patrolling of official with full force in our city bhiwani that at least will create some fear in the mind of people how the serious is corona and what are our duties,3
0,so why are not an ample number of tests available nationwide physicians everywhere are begging for them while s administration fiddles is the death party,0
0,holy shit and this from the administration that was just days ago trying to convince public coronavirus was nothing mnuchin warns senators that us could see  unemployment rate due to coronavirus source says,0
0,not good for spreading coronavirus,0
0,anti vaxers there is no vaccine for the corona virus me shut up you would not take it anyway,1
1,fuck the coronavirus i got beiber fever,1
0,forced monogamy a la coronavirus,0
0,,2
1,this will piss off the msm president trump reveals he took coronavirus test explore the fox news apps that are right for you at,0
0,this is going very very badly,3
0,“as fox news played down the coronavirus its chief protected himself” assholes are already hiding in their nuke shelters,0
0,then john can you have a word with them to stop mainlining farage why o why he is not an expert on the corona virus or indeed anything except his own over weening self so disappointing they keep doing it,1
1,new getting to,2
2,everyone is playing for future but what about present i think it is more important twitter cometgzktjjvx,2
3,considering his bad control of the corona situation in us he may well order for the release of proof that they indeed have aliens in so that the attention of people is diverted,1
1,the us is now outpacing china italy iran and spain w cases we are in such dangerous territory it is hard to put into words italy has hundreds of deaths every day spain is taking the elderly off ventilators to save younger people please — stay home pic twitter comkizcczntsz,1
3,donald trump urged to suspend h  visa program after job loss amid covid  layoffs ndtv …,3
0,their anger and frustration caused by the racist and fascist unjustified crimes against blacks and minorities foremost recent george floyed awful crime had instigated them to defy not only the ban but also the covid  pandemic,0
1,covid  who is more dangerous,3
3,coronavirus tweets from indian authorities …,0
2,there is still some life left in the leaf … …,3
3,a  year old boy from london who tested positive for covid  has died he is believed to be the united kingdoms youngest coronavirus victim,3
0,if i see another guys bio on tinder say “if the corona virus does not take you out can i ” im going to lose my fucking mind,1
1,doctor watson is there something you can do with this coronavirus and it is demoralizing affect it has on manipulated involvement with conspiracy to control our population and attack our sinuses through our nasal passages,1
2,India india redheart notes heavily locked down unreliable data poverty fouro’clock  ,3
3,i was told that  affects the lungs and not ass holes so why the masks facewithtearsofjoy,1
1,democrats are straight up praying for this coronavirus to get worse,0
0,this is when you know you have a communicable disease tsunami coming your way and the only way to make it manageable is strict social distancing we cannot stop but we can slow it down and protect healthcare for those who need it pic twitter ,1
3,appesement politics to please alliance and poor adminostation is root cause of state high covid cases …,3
3,delhi govt should ask clarification from up govt in writing where are these  buses why up govt worked to sabotage modijis little late but brilliant step of complete,3
2,corona warrior honor from rahis sir news chief editor of india news searcher a hindi web news channel thank you sir for this honor kudos to my team of  thanks for support pic twitter comnaqevvtuef,2
3,this money should be taken over by govt to tackle corona disease bcz according to perception of followers of godly mazhabs corona is punishment to ppl by god,3
1,update town of canton announces local emergency declaration in response to public threat caused by coronavirus follow the link,1
1,if you have not noticed i am mad that us airports are still open you cannot kill small businesses but keep big money moving we are either in this or not,1
0,if  of americans are okay with how trump is handling coronavirus why are so many people online in a rage,0
3,hope she gets well soon she is no different from other covid patients who are suffering and getting all symphathy,3
2,bangkok post headlines on saturday diamondsuit team thailand to save nation diamondsuit unemployment soars to   as factories close diamondsuit borders posts ready to vet returnees โควิ,3
2,sharpen the saw balance and renew your resources energy and health to create a sustainable long term effective lifestyle شهرإبريل twitter  – at kuwait city,2
3,in spite of being the most patients of corona in indore today shivraj singh has transferred collector and sp shivraj is the only cm in the country who is engaged in setting up his favourite officers in the midst of the corona epidemic when the senses die,3
3,for me april fools day is cancelled this year as no made up prank could match the unbelievable incidents happening in the real world right now so until we get back to our normal lives twitter ,0
0,coronavirus fiasco economy going to shite bc of it trump probable re election  looks promising,0
0,all of the change i would hope to see from this satanic coronavirus situation is purely spiritual internal could not care less about a “””systemic change””” hoping for that or hoping that that would change anything of substance is for fools,0
2, new  cases in kerala today  nris  from other states  air india crew  health worker  recoveries today,3
1,adobe cancels nab  attendance due to coronavirus concerns,0
0,these indians are doing nasty things in hatred of muslims indian media is at the forefront of spreading hatred against muslims now india has made the muslims responsible for corona virus …,0
2,i love the way they used tabligi for ,2
0,mark my words this guy is dangerous imbecile keeping schools open may help restrict coronavirus spread nsw education department says via,0
3,sensex closes   points lower nifty gives up   amid coronavirus crisis it financial stocks worst hit … shared via ndtv news app android  iphone ,0
3,ds figures are for real and they speak the truth on behalf of the stupidity of intellectuals doctors paramedic are giving away their lives but some do not understand the pain they want to spread this pandemic and be called a child of god shame pic twitter ,3
2,haha i think more dangerous than corona,1
3,lockdown is not same for everywhere brokenheart,2
0,maxine waters leverages coronavirus against trump idiots will be idiots alledging all kinds of conspiracy theories and when president trump is involved the biased fake news will join in and even embellish the tales ,0
1,went for a jog had shortness of breath after coronavirus,1
1,i wonder if those weapons have any affect on the coronavirus,0
0,fuck it let us do a competition cheer everyone up this coronavirus has people going crazy will do another £ give away al u have to do is like comment retweet to enter the competition wil end on the sat the  pic twitter ,0
0, confirmed cases with a daily curfew and some assholes still not taking lockdown seriously,1
0,watch this epic video montage of media repeatedly saying wuhan coronavirus before it was considered racist because orange man bad via,0
0,no lie i been feeling sick and i do not want to find out it is the corona virus,1
2,thank you so much on time sanitization and complete cooperation by lavekar mam n her team virus chariot coop hsg society ltd  complex thank you pic twitter  – at golden chariot building,2
2,shooting behind the scenes when you are social distancing and having a good hair day photographer,2
1,red cross urging ‘healthy eligible individuals to donate blood amid coronavirus concerns,1
1,trump is panicking does not panic does not panic needs a change,1
2,that is for those who cannot earn their bread because lockdown then let them bake cake ,3
3,the family of a  year old suspected covid  patient who was declared dead in gujarat and was cremated was later mistakenly told he was stable they received a call saying results are negative so patient has to… …,3
3,we feel that china is in league with pak and is simply buying time to strengthen it is position on lac so that india does not dare in pok and also reclaim aksia chin it seems something will happen to divert world attention from it is corona misdeeds we have to be prepared …,3
2,started my silver jubilee wedding anniversary celebrations on   with janata curfew and govt have directed me to stay with my life partner continuously for minimum  days in house with lockdown announcements thanks to ,2
1,we should close the schools and colleges and put a curfew on anyone under  not because of the just because everyone hates teenagers x,0
1,this coronavirus outbreak has caused my entire school to freak out not only it is causing new problems our country is freaking out about it he is been doing nothing to help our country,1
3,i suggest govt should announce that all patients died with covid  will be burnt under police supervision and to be implemented with immediate effect,3
3,even if your covid swab is negative it doesnt mean you  dont have it you still have to stay at home and self isolate for  days people,1
1,there is no objective evidence of panic in the response act or in the biden and sanders speeches which offered science based ideas please do not use your platform to the pandemic,0
2,thankyou thankyou i guess more than people contacted me to serve their nation our students are untold heroes in sha allah we fight strong with this  pic twitter ,2
1,this corona virus shit is outta hand,0
1,i think boris johnson is the source of im fact i reckon he is the coronavirus has anyone seen boris johnson and covid  in the same room suspicious,0
1,my white blood cells coming together to attack the corona virus pic twitter ,1
0,wrong dems only care about themselves you conveniently left out where the democrats did not do anything but focus on impeachment passing out pens while people were passing out the  trump was shutting down travel oh  protecting the borders u ppl wanted open,0
0,so shit just got real ive been sick a week aches fever congestion sore throat bad dry cough now right ear infection just tested negative for flu dr got alarmed he asserted we just are not setup for this you have all the symptoms now at er ,1
0,u s   cases  deaths  recovered governors and mayors must lock the fn states and cities down now isolate and quarantine,1
1,i just want the inevitable coronavirus episode,0
0,damn the ncaa really not going bout march madness tournament no fans corona virus really shaking up the world that is what they plan was,1
0,how can his “damage control” cause just as much damage as the racist   he already said he just does not get it trump says coronavirus not asian americans fault,0
2,asymptomatic carriers are more than  nobody is talking about true potential of mask usage simple can save thousands of lives if everyone wears one world leaders are letting people die of …,2
2,fightingcorona  creating a better world nrbsg twitter comxjjpcotosk,2
1,if you check the only ones that are pressing the panic button with are ppl in the college professors  medical elites those r the same ppl who dont want reflected coincidence i think not,1
3,corona check up bihar shame shame pic twitter ,2
2,we will learn to love how to dream we will find our love in the sky dress from hopebkk เซทคอนโดฉันเอง ชุดแม่ปลาคาร์ฟ oasis hotel …,2
1,volunteer falls ill after drinking cow urine bjp leader arrested for hosting party the week in ⁦⁩ ⁦⁩ ⁦⁩ ⁦⁩⁩ ⁦⁩ ⁦⁦⁩,3
3,not  but modi has ruined indian economy twitter comnfkasifkbx,3
3,wajid khan the popular bollywood music director from the sajid wajid duo passed away today at the age of  he was suffering from covid foldedhands foldedhands,3
1,with senior centers  other service providers closing due to concerns congress needs to bridge the gap by utilizing programs and grantees to bridge the gap and complete list of policy recommendations,1
3,   lakhs on an average die every year from road incidents better shut down the roads airports  public platforms declare it a pandemic  – at baroda,3
0,coronavirus lockdown jogger resists arrest in spain and is abused by onlookers,0
0,you do not get the point losing   of the population does not end the virus will continue to re infect cured patients like its already doing in several nations government inaction only lead to further devastation and distraction china is where it is by action,1
0,my mom said i got to be safe or ill catch the “coronavirus” no bitch you may catch it but im different,1
2,yes i pledge to fight the spread of covid  and i will act responsibly as specified by world health organisation  govt of india thank you very much drhemant makwana ji for your kind appreciation …,2
3,if ppl think she creating  spread of  in her constituency then ppl r  ride she is appearing in posters of hindustan gold company which says poor  gold  of protecting poor ppl micro gold she says lose it model mp,3
2,tomorrow is ram navami and it should have been so special this year but corona spoiled light diyas sing ram bhajans at your home upload the videos on your social media but whatever you do stay at home let us set example jai sri ram,2
2,assalam o alaikum sunflower good morning redheart have a nice day ahead beatingheart will you reply my salam eyes,2
2,tackling the challenges emerging as a result of spread of covid  the modi govt is enabling confidence building measures key to ensure seamless supply chain management via namo app,2
2,let us improve the monitoring of covid positive opting for home quarantine still no doctor visit no follow up by doctors only paramedics visit for medicine if physical visit not possible have the video call also dhanvantari route plan should be on website,2
2,sir we are proud of your good governance and exemplary leadership the two biggest democracies of the world should unitedly fight  with full resilience,2
0,this demonstrates that we deserve the coronavirus,0
0,should the remove for news channel,3
3,emirates has fired cabin crew and is planning to lay off more employees as it struggles to deal with the financial blow of the coronavirus pandemic,1
0,thiè bravo nonnetto di  anni ce lhai fatta a venirne fuori dal coronavirus,0
1,feelings are cancelled due to coronavirus,0
1,the bodies are present while the spirits are dead ,3
3,over  lakh people lost their lives due to covid   its still counting god knows when the count will end,3
0,you spelt coronavirus wrong,0
3,but sat sun shutdown cudnt understand main business is weekend n evening hours n both compromised so what to do itz real torture nvr thot our govt will do such harassmnt businesses crashing  we r not slum or village dwellers nor bpl card ppl poverty will kill before covid,3
1,one of the biggest issues we face is the mental health response to covid  take precautions and be aware the energy of fear weakens your immune system see the self advocacy skills taught to reduce coronavirus fear in the video todddenymsw,1
1,turns scuba trip into ‘nightmare for massachusetts residents stranded in honduras w,1
0,here at the  update the economic stimulus bill failed in the today democrats voted aginst it concerned about worker protections key procedural vote on economic stimulus fails after democrats warn of serious issues with bill,0
1,call my dick the coronavirus the way it is killin these bitches,0
1,this woman found out about the coronavirus in a january senate briefing dumped all her stocks bought stocks in telecom knowing ppl would be forced to work from home and then helped trump downplay the threat to the public,1
1,who gives a damn if he has im more concerned about his coke habit and horrible policies that benefit his rich friends and destroy this country the man would not know what the truth is if it smacked him upside the head,0
2,covid in a box lol,3
3,corona did not break a system corona exposed a broken system,1
2,your tt strategy is a success policy result of the pandemic is how people understand it not to be panic but be vigil not to be exposed obeying rules and regulations of authority is must congratulations to you specially to control covid  in dence city,2
2,scientist says a coronavirus vaccine in just  months is fake news  via every one hopes a safe  effective vaccine gets developed soon but this hope has to be realistic  العودةبعدكورونا كورونا,1
2,day n lockdown todays menu mavinkayi chitranna  kairi rice karela subji and sprouts salad for adults on kiddos demand pasta salad with fresh homemade salsa dressing and palak souppic twitter ,2
3,this is going to be a loss making time for one of worlds most profitable business sector with outbreak of ,3
1,hey fuck off imma celebrate my roots and you can kiss my irish american ass all you idiots in a panic can line up to kiss my ass too oh and much love to the keeping america great likewise to our great keeping us fed twitter comwloerwsfin,2
3,well at least the covid status is under govt now no reporting on covid unless govt approves …,3
3,prayers for the sufferers and workers on covid,2
2,do you know some positive stories of past week coronavirus quarantine to take your mind off the gloominess knowledge is light please subscribe my channel like  share  comment hit bell icon to get notification of latest videos pic twitter ,2
1,was told today that there was little to worry about at the call centre because there have only been a tiny number of cases of coronavirus in our area um ok yeah,1
2,oh yes that is why we are safe n healthy enjoying the lockdown with our family,2
0,this is all till you cancel my im mad now,0
2,no excuses please … …,0
0,im already freaking out about the coronavirus and i most certainly do not need the “be best” queen spewing out anything no thanks,1
0,the buck stops here  if you cannot take the heat get out of the kitchen  no i do not take any responsibility at all ,0
0,honestly was planning to go to toronto comiccon next weekend now that the coronavirus got outta hand probably would not be a good time to go downtown ugh,1
0,for make sure that your hand sanitizer contains alcohol and if it is alcohol free it is useless recommend this for your safety twitter ,0
0,i think i need to get off social media until this coronavirus shit ends,0
2,gymtrainer how was your workout session in lockdown me thinking what is the workout term for charbi bdhi padi hai ,2
1,beating my nail biting habit to avoid the coronavirus is so hard,1
1,you all really had to fucking call the corporate of h e b to tell them that their own employees cannot shop before you all what an actual disgrace people you all are a bunch of fucking assholes they are working hard for those who are panicking for no fucking reason,0
1,stop the and enough said twitter ,0
1,now again lockdown ghost,2
1,my eyebrows cannot take this coronavirus any longer my shit looking crazy,1
0,‘s is wrong if the us is spared death toll it is because many took the science seriously and a fuck ton of luck is he seriously a voice of reason thinks opposing trump climate change and coronavirus are all “over reactions”,0
1,the fact that everyone is panicking over the corona virus and i done ran out of god damn toilet paper,1
1,i love this my fear is the constant barraging folks with fear about corona virus is going to make people mentally sick,1
0,he gives pelosi special recognition and the rest of the democratic house members because those fuck nuts that call themselves republicans do not give two shits about the american public as they voted no on the coronavirus bill,0
0,the line at bjs today what a shit show this is twitter ,0
0,they ruined the lockdown do not treat them let karma hit their ass,0
3,govt of tamilnadu should take decision for all school children to waived off school fees from apr to jun  due to covid  for avoiding financial burden in this critical junction of time and moral support as there is nation wide lock down and school remains closed,3
2,honble health minister of assam dr s relentless focus on tests and quarantine has helped the state prevent community spread despite over   returning from other states following coronavirus induced lockdown …,3
1,this is actually ridiculous i hope everyone is staying safe,0
0,não me conformo them deixar de fazer as manifestações de por causa do coronavírus pois não acredito nessa histeria acho que é exagero proposital por parte da mídia esquerdopata para fazer a gente desistir se depender de mim eu vou pic twitter ,0
3,quality tests quality masks nd quality treatment for coronavirus patients at well equipped hospitals with free of cost nd stay at home means complete lockdown is the only scientific solution otherwise do not confuse public just announce all opened with sop n that is ok sorry sir,2
1,do not wana spread panic but this my friends is a sign of apocalypse …pic twitter  – at bramhaputra river,1
2,honrable cheif minister of tamilnadu health minister of tamilnadu health secretary of tamilnadu i m from tirupathi from the land of lord venkateshwara we r inspired by u r techniques to tackle the coronavirus,2
2,congratulations and best wishes riyaz and ashish twitter ,2
0,what utter bullocks a self employed person will get £ under corona virus crisis how is that justifiable while others will get around  of their salary why leave the self employed to suffer do they not matter,3
2,it was tough to see you go brother excellent  days together and more before the started while we were working on the let us assemble soon to make a twitter ,2
0,grumpy or dopey who wins the tonight by scaring the fuck out of people more,0
3,today at   a  year old bangladeshi male admitted at tree top hospital has passed away this is the  covid  death in the maldives our thoughts and prayers are with the bereaved family may allah grant his soul eternal peace in heaven,3
0,corona virus i implore that you cease activity by april  this is not a suggestion this is a demand,0
2,issa date once lockdown ends inshaallah and corona too redheart,3
3,the death toll due to covid  rose to  in jammu and kashmir as third death was reported due to the coronavirus in jk on monday dr mir mushtaq deputy medical superintendent district hospital pulwama told gns that  year old man was brought dead to the hospital this morning,3
3,the rates are become barrier for poor people to think from cure treatment and remedy from covid  …,3
